3000,Test Question title,Question content,PENDING
3001,Test Question title,Question content,PENDING
3002,Test Question title,Question content,PENDING
3003,Test Question title,Question content,PENDING
3004,Test Question title,Question content,PENDING
3005,Test Question title,Question content,PENDING
3006,Test Question title,Question content,PENDING
3007,Test Question title,Question content,PENDING
3008,Test Question title,Question content,PENDING
3009,Test Question title,Question content,PENDING
3010,Test Question title,Question content,PENDING
3011,Test Question title,Question content,PENDING
3012,Test Question title,Question content,PENDING
3013,Test Question title,Question content,PENDING
3014,Test Question title,Question content,PENDING
3015,Test Question title,Question content,PENDING
3016,Test Question title,Question content,PENDING
3017,Test Question title,Question content,PENDING
3018,Test Question title,Question content,PENDING
3019,Test Question title,Question content,PENDING
3020,Test Question title,Question content,PENDING
3021,Test Question title,Question content,PENDING
3022,Test Question title,Question content,PENDING
3023,Test Question title,Question content,PENDING
3024,Test Question title,Question content,PENDING
3025,Test Question title,Question content,PENDING
3026,Test Question title,Question content,PENDING
3027,Test Question title,Question content,PENDING
3028,Test Question title,Question content,PENDING
3029,Test Question title,Question content,PENDING
3030,Test Question title,Question content,PENDING
3031,Test Question title,Question content,PENDING
3032,Test Question title,Question content,PENDING
3033,Test Question title,Question content,PENDING
3034,Test Question title,Question content,PENDING
3035,Test Question title,Question content,PENDING
3036,Test Question title,Question content,PENDING
3037,Test Question title,Question content,PENDING
3038,Test Question title,Question content,PENDING
3039,Test Question title,Question content,PENDING
3040,Test Question title,Question content,PENDING
3041,Test Question title,Question content,PENDING
3042,Test Question title,Question content,PENDING
3043,Test Question title,Question content,PENDING
3044,Test Question title,Question content,PENDING
3045,Test Question title,Question content,PENDING
3046,Test Question title,Question content,PENDING
3047,Test Question title,Question content,PENDING
3048,Test Question title,Question content,PENDING
3049,Test Question title,Question content,PENDING
3050,Test Question title,Question content,PENDING
3051,Test Question title,Question content,PENDING
3052,Test Question title,Question content,PENDING
3053,Test Question title,Question content,PENDING
3054,Test Question title,Question content,PENDING
3055,Test Question title,Question content,PENDING
3056,Test Question title,Question content,PENDING
3057,Test Question title,Question content,PENDING
3058,Test Question title,Question content,PENDING
3059,Test Question title,Question content,PENDING
3060,Test Question title,Question content,PENDING
3061,Test Question title,Question content,PENDING
3062,Test Question title,Question content,PENDING
3063,Test Question title,Question content,PENDING
3064,Test Question title,Question content,PENDING
3065,Test Question title,Question content,PENDING
3066,Test Question title,Question content,PENDING
3067,Test Question title,Question content,PENDING
3068,Test Question title,Question content,PENDING
3069,Test Question title,Question content,PENDING
3070,Test Question title,Question content,PENDING
3071,Test Question title,Question content,PENDING
3072,Test Question title,Question content,PENDING
3073,Test Question title,Question content,PENDING
3074,Test Question title,Question content,PENDING
3075,Test Question title,Question content,PENDING
3076,Test Question title,Question content,PENDING
3077,Test Question title,Question content,PENDING
3078,Test Question title,Question content,PENDING
3079,Test Question title,Question content,PENDING
3080,Test Question title,Question content,PENDING
3081,Test Question title,Question content,PENDING
3082,Test Question title,Question content,PENDING
3083,Test Question title,Question content,PENDING
3084,Test Question title,Question content,PENDING
3085,Test Question title,Question content,PENDING
3086,Test Question title,Question content,PENDING
3087,Test Question title,Question content,PENDING
3088,Test Question title,Question content,PENDING
3089,Test Question title,Question content,PENDING
3090,Test Question title,Question content,PENDING
3091,Test Question title,Question content,PENDING
3092,Test Question title,Question content,PENDING
3093,Test Question title,Question content,PENDING
3094,Test Question title,Question content,PENDING
3095,Test Question title,Question content,PENDING
3096,Test Question title,Question content,PENDING
3097,Test Question title,Question content,PENDING
3098,Test Question title,Question content,PENDING
3099,Test Question title,Question content,PENDING
3100,Test Question title,Question content,PENDING
3101,Test Question title,Question content,PENDING
3102,Test Question title,Question content,PENDING
3103,Test Question title,Question content,PENDING
3104,Test Question title,Question content,PENDING
3105,Test Question title,Question content,PENDING
3106,Test Question title,Question content,PENDING
3107,Test Question title,Question content,PENDING
3108,Test Question title,Question content,PENDING
3109,Test Question title,Question content,PENDING
3110,Test Question title,Question content,PENDING
3111,Test Question title,Question content,PENDING
3112,Test Question title,Question content,PENDING
3113,Test Question title,Question content,PENDING
3114,Test Question title,Question content,PENDING
3115,Test Question title,Question content,PENDING
3116,Test Question title,Question content,PENDING
3117,Test Question title,Question content,PENDING
3118,Test Question title,Question content,PENDING
3119,Test Question title,Question content,PENDING
3120,Test Question title,Question content,PENDING
3121,Test Question title,Question content,PENDING
3122,Test Question title,Question content,PENDING
3123,Test Question title,Question content,PENDING
3124,Test Question title,Question content,PENDING
3125,Test Question title,Question content,PENDING
3126,Test Question title,Question content,PENDING
3127,Test Question title,Question content,PENDING
3128,Test Question title,Question content,PENDING
3129,Test Question title,Question content,PENDING
3130,Test Question title,Question content,PENDING
3131,Test Question title,Question content,PENDING
3132,Test Question title,Question content,PENDING
3133,Test Question title,Question content,PENDING
3134,Test Question title,Question content,PENDING
3135,Test Question title,Question content,PENDING
3136,Test Question title,Question content,PENDING
3137,Test Question title,Question content,PENDING
3138,Test Question title,Question content,PENDING
3139,Test Question title,Question content,PENDING
3140,Test Question title,Question content,PENDING
3141,Test Question title,Question content,PENDING
3142,Test Question title,Question content,PENDING
3143,Test Question title,Question content,PENDING
3144,Test Question title,Question content,PENDING
3145,Test Question title,Question content,PENDING
3146,Test Question title,Question content,PENDING
3147,Test Question title,Question content,PENDING
3148,Test Question title,Question content,PENDING
3149,Test Question title,Question content,PENDING
3150,Test Question title,Question content,PENDING
3151,Test Question title,Question content,PENDING
3152,Test Question title,Question content,PENDING
3153,Test Question title,Question content,PENDING
3154,Test Question title,Question content,PENDING
3155,Test Question title,Question content,PENDING
3156,Test Question title,Question content,PENDING
3157,Test Question title,Question content,PENDING
3158,Test Question title,Question content,PENDING
3159,Test Question title,Question content,PENDING
3160,Test Question title,Question content,PENDING
3161,Test Question title,Question content,PENDING
3162,Test Question title,Question content,PENDING
3163,Test Question title,Question content,PENDING
3164,Test Question title,Question content,PENDING
3165,Test Question title,Question content,PENDING
3166,Test Question title,Question content,PENDING
3167,Test Question title,Question content,PENDING
3168,Test Question title,Question content,PENDING
3169,Test Question title,Question content,PENDING
3170,Test Question title,Question content,PENDING
3171,Test Question title,Question content,PENDING
3172,Test Question title,Question content,PENDING
3173,Test Question title,Question content,PENDING
3174,Test Question title,Question content,PENDING
3175,Test Question title,Question content,PENDING
3176,Test Question title,Question content,PENDING
3177,Test Question title,Question content,PENDING
3178,Test Question title,Question content,PENDING
3179,Test Question title,Question content,PENDING
3180,Test Question title,Question content,PENDING
3181,Test Question title,Question content,PENDING
3182,Test Question title,Question content,PENDING
3183,Test Question title,Question content,PENDING
3184,Test Question title,Question content,PENDING
3185,Test Question title,Question content,PENDING
3186,Test Question title,Question content,PENDING
3187,Test Question title,Question content,PENDING
3188,Test Question title,Question content,PENDING
3189,Test Question title,Question content,PENDING
3190,Test Question title,Question content,PENDING
3191,Test Question title,Question content,PENDING
3192,Test Question title,Question content,PENDING
3193,Test Question title,Question content,PENDING
3194,Test Question title,Question content,PENDING
3195,Test Question title,Question content,PENDING
3196,Test Question title,Question content,PENDING
3197,Test Question title,Question content,PENDING
3198,Test Question title,Question content,PENDING
3199,Test Question title,Question content,PENDING
3200,Test Question title,Question content,PENDING
3201,Test Question title,Question content,PENDING
3202,Test Question title,Question content,PENDING
3203,Test Question title,Question content,PENDING
3204,Test Question title,Question content,PENDING
3205,Test Question title,Question content,PENDING
3206,Test Question title,Question content,PENDING
3207,Test Question title,Question content,PENDING
3208,Test Question title,Question content,PENDING
3209,Test Question title,Question content,PENDING
3210,Test Question title,Question content,PENDING
3211,Test Question title,Question content,PENDING
3212,Test Question title,Question content,PENDING
3213,Test Question title,Question content,PENDING
3214,Test Question title,Question content,PENDING
3215,Test Question title,Question content,PENDING
3216,Test Question title,Question content,PENDING
3217,Test Question title,Question content,PENDING
3218,Test Question title,Question content,PENDING
3219,Test Question title,Question content,PENDING
3220,Test Question title,Question content,PENDING
3221,Test Question title,Question content,PENDING
3222,Test Question title,Question content,PENDING
3223,Test Question title,Question content,PENDING
3224,Test Question title,Question content,PENDING
3225,Test Question title,Question content,PENDING
3226,Test Question title,Question content,PENDING
3227,Test Question title,Question content,PENDING
3228,Test Question title,Question content,PENDING
3229,Test Question title,Question content,PENDING
3230,Test Question title,Question content,PENDING
3231,Test Question title,Question content,PENDING
3232,Test Question title,Question content,PENDING
3233,Test Question title,Question content,PENDING
3234,Test Question title,Question content,PENDING
3235,Test Question title,Question content,PENDING
3236,Test Question title,Question content,PENDING
3237,Test Question title,Question content,PENDING
3238,Test Question title,Question content,PENDING
3239,Test Question title,Question content,PENDING
3240,Test Question title,Question content,PENDING
3241,Test Question title,Question content,PENDING
3242,Test Question title,Question content,PENDING
3243,Test Question title,Question content,PENDING
3244,Test Question title,Question content,PENDING
3245,Test Question title,Question content,PENDING
3246,Test Question title,Question content,PENDING
3247,Test Question title,Question content,PENDING
3248,Test Question title,Question content,PENDING
3249,Test Question title,Question content,PENDING
3250,Test Question title,Question content,PENDING
3251,Test Question title,Question content,PENDING
3252,Test Question title,Question content,PENDING
3253,Test Question title,Question content,PENDING
3254,Test Question title,Question content,PENDING
3255,Test Question title,Question content,PENDING
3256,Test Question title,Question content,PENDING
3257,Test Question title,Question content,PENDING
3258,Test Question title,Question content,PENDING
3259,Test Question title,Question content,PENDING
3260,Test Question title,Question content,PENDING
3261,Test Question title,Question content,PENDING
3262,Test Question title,Question content,PENDING
3263,Test Question title,Question content,PENDING
3264,Test Question title,Question content,PENDING
3265,Test Question title,Question content,PENDING
3266,Test Question title,Question content,PENDING
3267,Test Question title,Question content,PENDING
3268,Test Question title,Question content,PENDING
3269,Test Question title,Question content,PENDING
3270,Test Question title,Question content,PENDING
3271,Test Question title,Question content,PENDING
3272,Test Question title,Question content,PENDING
3273,Test Question title,Question content,PENDING
3274,Test Question title,Question content,PENDING
3275,Test Question title,Question content,PENDING
3276,Test Question title,Question content,PENDING
3277,Test Question title,Question content,PENDING
3278,Test Question title,Question content,PENDING
3279,Test Question title,Question content,PENDING
3280,Test Question title,Question content,PENDING
3281,Test Question title,Question content,PENDING
3282,Test Question title,Question content,PENDING
3283,Test Question title,Question content,PENDING
3284,Test Question title,Question content,PENDING
3285,Test Question title,Question content,PENDING
3286,Test Question title,Question content,PENDING
3287,Test Question title,Question content,PENDING
3288,Test Question title,Question content,PENDING
3289,Test Question title,Question content,PENDING
3290,Test Question title,Question content,PENDING
3291,Test Question title,Question content,PENDING
3292,Test Question title,Question content,PENDING
3293,Test Question title,Question content,PENDING
3294,Test Question title,Question content,PENDING
3295,Test Question title,Question content,PENDING
3296,Test Question title,Question content,PENDING
3297,Test Question title,Question content,PENDING
3298,Test Question title,Question content,PENDING
3299,Test Question title,Question content,PENDING
3300,Test Question title,Question content,PENDING
3301,Test Question title,Question content,PENDING
3302,Test Question title,Question content,PENDING
3303,Test Question title,Question content,PENDING
3304,Test Question title,Question content,PENDING
3305,Test Question title,Question content,PENDING
3306,Test Question title,Question content,PENDING
3307,Test Question title,Question content,PENDING
3308,Test Question title,Question content,PENDING
3309,Test Question title,Question content,PENDING
3310,Test Question title,Question content,PENDING
3311,Test Question title,Question content,PENDING
3312,Test Question title,Question content,PENDING
3313,Test Question title,Question content,PENDING
3314,Test Question title,Question content,PENDING
3315,Test Question title,Question content,PENDING
3316,Test Question title,Question content,PENDING
3317,Test Question title,Question content,PENDING
3318,Test Question title,Question content,PENDING
3319,Test Question title,Question content,PENDING
3320,Test Question title,Question content,PENDING
3321,Test Question title,Question content,PENDING
3322,Test Question title,Question content,PENDING
3323,Test Question title,Question content,PENDING
3324,Test Question title,Question content,PENDING
3325,Test Question title,Question content,PENDING
3326,Test Question title,Question content,PENDING
3327,Test Question title,Question content,PENDING
3328,Test Question title,Question content,PENDING
3329,Test Question title,Question content,PENDING
3330,Test Question title,Question content,PENDING
3331,Test Question title,Question content,PENDING
3332,Test Question title,Question content,PENDING
3333,Test Question title,Question content,PENDING
3334,Test Question title,Question content,PENDING
3335,Test Question title,Question content,PENDING
3336,Test Question title,Question content,PENDING
3337,Test Question title,Question content,PENDING
3338,Test Question title,Question content,PENDING
3339,Test Question title,Question content,PENDING
3340,Test Question title,Question content,PENDING
3341,Test Question title,Question content,PENDING
3342,Test Question title,Question content,PENDING
3343,Test Question title,Question content,PENDING
3344,Test Question title,Question content,PENDING
3345,Test Question title,Question content,PENDING
3346,Test Question title,Question content,PENDING
3347,Test Question title,Question content,PENDING
3348,Test Question title,Question content,PENDING
3349,Test Question title,Question content,PENDING
3350,Test Question title,Question content,PENDING
3351,Test Question title,Question content,PENDING
3352,Test Question title,Question content,PENDING
3353,Test Question title,Question content,PENDING
3354,Test Question title,Question content,PENDING
3355,Test Question title,Question content,PENDING
3356,Test Question title,Question content,PENDING
3357,Test Question title,Question content,PENDING
3358,Test Question title,Question content,PENDING
3359,Test Question title,Question content,PENDING
3360,Test Question title,Question content,PENDING
3361,Test Question title,Question content,PENDING
3362,Test Question title,Question content,PENDING
3363,Test Question title,Question content,PENDING
3364,Test Question title,Question content,PENDING
3365,Test Question title,Question content,PENDING
3366,Test Question title,Question content,PENDING
3367,Test Question title,Question content,PENDING
3368,Test Question title,Question content,PENDING
3369,Test Question title,Question content,PENDING
3370,Test Question title,Question content,PENDING
3371,Test Question title,Question content,PENDING
3372,Test Question title,Question content,PENDING
3373,Test Question title,Question content,PENDING
3374,Test Question title,Question content,PENDING
3375,Test Question title,Question content,PENDING
3376,Test Question title,Question content,PENDING
3377,Test Question title,Question content,PENDING
3378,Test Question title,Question content,PENDING
3379,Test Question title,Question content,PENDING
3380,Test Question title,Question content,PENDING
3381,Test Question title,Question content,PENDING
3382,Test Question title,Question content,PENDING
3383,Test Question title,Question content,PENDING
3384,Test Question title,Question content,PENDING
3385,Test Question title,Question content,PENDING
3386,Test Question title,Question content,PENDING
3387,Test Question title,Question content,PENDING
3388,Test Question title,Question content,PENDING
3389,Test Question title,Question content,PENDING
3390,Test Question title,Question content,PENDING
3391,Test Question title,Question content,PENDING
3392,Test Question title,Question content,PENDING
3393,Test Question title,Question content,PENDING
3394,Test Question title,Question content,PENDING
3395,Test Question title,Question content,PENDING
3396,Test Question title,Question content,PENDING
3397,Test Question title,Question content,PENDING
3398,Test Question title,Question content,PENDING
3399,Test Question title,Question content,PENDING
3400,Test Question title,Question content,PENDING
3401,Test Question title,Question content,PENDING
3402,Test Question title,Question content,PENDING
3403,Test Question title,Question content,PENDING
3404,Test Question title,Question content,PENDING
3405,Test Question title,Question content,PENDING
3406,Test Question title,Question content,PENDING
3407,Test Question title,Question content,PENDING
3408,Test Question title,Question content,PENDING
3409,Test Question title,Question content,PENDING
3410,Test Question title,Question content,PENDING
3411,Test Question title,Question content,PENDING
3412,Test Question title,Question content,PENDING
3413,Test Question title,Question content,PENDING
3414,Test Question title,Question content,PENDING
3415,Test Question title,Question content,PENDING
3416,Test Question title,Question content,PENDING
3417,Test Question title,Question content,PENDING
3418,Test Question title,Question content,PENDING
3419,Test Question title,Question content,PENDING
3420,Test Question title,Question content,PENDING
3421,Test Question title,Question content,PENDING
3422,Test Question title,Question content,PENDING
3423,Test Question title,Question content,PENDING
3424,Test Question title,Question content,PENDING
3425,Test Question title,Question content,PENDING
3426,Test Question title,Question content,PENDING
3427,Test Question title,Question content,PENDING
3428,Test Question title,Question content,PENDING
3429,Test Question title,Question content,PENDING
3430,Test Question title,Question content,PENDING
3431,Test Question title,Question content,PENDING
3432,Test Question title,Question content,PENDING
3433,Test Question title,Question content,PENDING
3434,Test Question title,Question content,PENDING
3435,Test Question title,Question content,PENDING
3436,Test Question title,Question content,PENDING
3437,Test Question title,Question content,PENDING
3438,Test Question title,Question content,PENDING
3439,Test Question title,Question content,PENDING
3440,Test Question title,Question content,PENDING
3441,Test Question title,Question content,PENDING
3442,Test Question title,Question content,PENDING
3443,Test Question title,Question content,PENDING
3444,Test Question title,Question content,PENDING
3445,Test Question title,Question content,PENDING
3446,Test Question title,Question content,PENDING
3447,Test Question title,Question content,PENDING
3448,Test Question title,Question content,PENDING
3449,Test Question title,Question content,PENDING
3450,Test Question title,Question content,PENDING
3451,Test Question title,Question content,PENDING
3452,Test Question title,Question content,PENDING
3453,Test Question title,Question content,PENDING
3454,Test Question title,Question content,PENDING
3455,Test Question title,Question content,PENDING
3456,Test Question title,Question content,PENDING
3457,Test Question title,Question content,PENDING
3458,Test Question title,Question content,PENDING
3459,Test Question title,Question content,PENDING
3460,Test Question title,Question content,PENDING
3461,Test Question title,Question content,PENDING
3462,Test Question title,Question content,PENDING
3463,Test Question title,Question content,PENDING
3464,Test Question title,Question content,PENDING
3465,Test Question title,Question content,PENDING
3466,Test Question title,Question content,PENDING
3467,Test Question title,Question content,PENDING
3468,Test Question title,Question content,PENDING
3469,Test Question title,Question content,PENDING
3470,Test Question title,Question content,PENDING
3471,Test Question title,Question content,PENDING
3472,Test Question title,Question content,PENDING
3473,Test Question title,Question content,PENDING
3474,Test Question title,Question content,PENDING
3475,Test Question title,Question content,PENDING
3476,Test Question title,Question content,PENDING
3477,Test Question title,Question content,PENDING
3478,Test Question title,Question content,PENDING
3479,Test Question title,Question content,PENDING
3480,Test Question title,Question content,PENDING
3481,Test Question title,Question content,PENDING
3482,Test Question title,Question content,PENDING
3483,Test Question title,Question content,PENDING
3484,Test Question title,Question content,PENDING
3485,Test Question title,Question content,PENDING
3486,Test Question title,Question content,PENDING
3487,Test Question title,Question content,PENDING
3488,Test Question title,Question content,PENDING
3489,Test Question title,Question content,PENDING
3490,Test Question title,Question content,PENDING
3491,Test Question title,Question content,PENDING
3492,Test Question title,Question content,PENDING
3493,Test Question title,Question content,PENDING
3494,Test Question title,Question content,PENDING
3495,Test Question title,Question content,PENDING
3496,Test Question title,Question content,PENDING
3497,Test Question title,Question content,PENDING
3498,Test Question title,Question content,PENDING
3499,Test Question title,Question content,PENDING
3500,Test Question title,Question content,PENDING
3501,Test Question title,Question content,PENDING
3502,Test Question title,Question content,PENDING
3503,Test Question title,Question content,PENDING
3504,Test Question title,Question content,PENDING
3505,Test Question title,Question content,PENDING
3506,Test Question title,Question content,PENDING
3507,Test Question title,Question content,PENDING
3508,Test Question title,Question content,PENDING
3509,Test Question title,Question content,PENDING
3510,Test Question title,Question content,PENDING
3511,Test Question title,Question content,PENDING
3512,Test Question title,Question content,PENDING
3513,Test Question title,Question content,PENDING
3514,Test Question title,Question content,PENDING
3515,Test Question title,Question content,PENDING
3516,Test Question title,Question content,PENDING
3517,Test Question title,Question content,PENDING
3518,Test Question title,Question content,PENDING
3519,Test Question title,Question content,PENDING
3520,Test Question title,Question content,PENDING
3521,Test Question title,Question content,PENDING
3522,Test Question title,Question content,PENDING
3523,Test Question title,Question content,PENDING
3524,Test Question title,Question content,PENDING
3525,Test Question title,Question content,PENDING
3526,Test Question title,Question content,PENDING
3527,Test Question title,Question content,PENDING
3528,Test Question title,Question content,PENDING
3529,Test Question title,Question content,PENDING
3530,Test Question title,Question content,PENDING
3531,Test Question title,Question content,PENDING
3532,Test Question title,Question content,PENDING
3533,Test Question title,Question content,PENDING
3534,Test Question title,Question content,PENDING
3535,Test Question title,Question content,PENDING
3536,Test Question title,Question content,PENDING
3537,Test Question title,Question content,PENDING
3538,Test Question title,Question content,PENDING
3539,Test Question title,Question content,PENDING
3540,Test Question title,Question content,PENDING
3541,Test Question title,Question content,PENDING
3542,Test Question title,Question content,PENDING
3543,Test Question title,Question content,PENDING
3544,Test Question title,Question content,PENDING
3545,Test Question title,Question content,PENDING
3546,Test Question title,Question content,PENDING
3547,Test Question title,Question content,PENDING
3548,Test Question title,Question content,PENDING
3549,Test Question title,Question content,PENDING
3550,Test Question title,Question content,PENDING
3551,Test Question title,Question content,PENDING
3552,Test Question title,Question content,PENDING
3553,Test Question title,Question content,PENDING
3554,Test Question title,Question content,PENDING
3555,Test Question title,Question content,PENDING
3556,Test Question title,Question content,PENDING
3557,Test Question title,Question content,PENDING
3558,Test Question title,Question content,PENDING
3559,Test Question title,Question content,PENDING
3560,Test Question title,Question content,PENDING
3561,Test Question title,Question content,PENDING
3562,Test Question title,Question content,PENDING
3563,Test Question title,Question content,PENDING
3564,Test Question title,Question content,PENDING
3565,Test Question title,Question content,PENDING
3566,Test Question title,Question content,PENDING
3567,Test Question title,Question content,PENDING
3568,Test Question title,Question content,PENDING
3569,Test Question title,Question content,PENDING
3570,Test Question title,Question content,PENDING
3571,Test Question title,Question content,PENDING
3572,Test Question title,Question content,PENDING
3573,Test Question title,Question content,PENDING
3574,Test Question title,Question content,PENDING
3575,Test Question title,Question content,PENDING
3576,Test Question title,Question content,PENDING
3577,Test Question title,Question content,PENDING
3578,Test Question title,Question content,PENDING
3579,Test Question title,Question content,PENDING
3580,Test Question title,Question content,PENDING
3581,Test Question title,Question content,PENDING
3582,Test Question title,Question content,PENDING
3583,Test Question title,Question content,PENDING
3584,Test Question title,Question content,PENDING
3585,Test Question title,Question content,PENDING
3586,Test Question title,Question content,PENDING
3587,Test Question title,Question content,PENDING
3588,Test Question title,Question content,PENDING
3589,Test Question title,Question content,PENDING
3590,Test Question title,Question content,PENDING
3591,Test Question title,Question content,PENDING
3592,Test Question title,Question content,PENDING
3593,Test Question title,Question content,PENDING
3594,Test Question title,Question content,PENDING
3595,Test Question title,Question content,PENDING
3596,Test Question title,Question content,PENDING
3597,Test Question title,Question content,PENDING
3598,Test Question title,Question content,PENDING
3599,Test Question title,Question content,PENDING
3600,Test Question title,Question content,PENDING
3601,Test Question title,Question content,PENDING
3602,Test Question title,Question content,PENDING
3603,Test Question title,Question content,PENDING
3604,Test Question title,Question content,PENDING
3605,Test Question title,Question content,PENDING
3606,Test Question title,Question content,PENDING
3607,Test Question title,Question content,PENDING
3608,Test Question title,Question content,PENDING
3609,Test Question title,Question content,PENDING
3610,Test Question title,Question content,PENDING
3611,Test Question title,Question content,PENDING
3612,Test Question title,Question content,PENDING
3613,Test Question title,Question content,PENDING
3614,Test Question title,Question content,PENDING
3615,Test Question title,Question content,PENDING
3616,Test Question title,Question content,PENDING
3617,Test Question title,Question content,PENDING
3618,Test Question title,Question content,PENDING
3619,Test Question title,Question content,PENDING
3620,Test Question title,Question content,PENDING
3621,Test Question title,Question content,PENDING
3622,Test Question title,Question content,PENDING
3623,Test Question title,Question content,PENDING
3624,Test Question title,Question content,PENDING
3625,Test Question title,Question content,PENDING
3626,Test Question title,Question content,PENDING
3627,Test Question title,Question content,PENDING
3628,Test Question title,Question content,PENDING
3629,Test Question title,Question content,PENDING
3630,Test Question title,Question content,PENDING
3631,Test Question title,Question content,PENDING
3632,Test Question title,Question content,PENDING
3633,Test Question title,Question content,PENDING
3634,Test Question title,Question content,PENDING
3635,Test Question title,Question content,PENDING
3636,Test Question title,Question content,PENDING
3637,Test Question title,Question content,PENDING
3638,Test Question title,Question content,PENDING
3639,Test Question title,Question content,PENDING
3640,Test Question title,Question content,PENDING
3641,Test Question title,Question content,PENDING
3642,Test Question title,Question content,PENDING
3643,Test Question title,Question content,PENDING
3644,Test Question title,Question content,PENDING
3645,Test Question title,Question content,PENDING
3646,Test Question title,Question content,PENDING
3647,Test Question title,Question content,PENDING
3648,Test Question title,Question content,PENDING
3649,Test Question title,Question content,PENDING
3650,Test Question title,Question content,PENDING
3651,Test Question title,Question content,PENDING
3652,Test Question title,Question content,PENDING
3653,Test Question title,Question content,PENDING
3654,Test Question title,Question content,PENDING
3655,Test Question title,Question content,PENDING
3656,Test Question title,Question content,PENDING
3657,Test Question title,Question content,PENDING
3658,Test Question title,Question content,PENDING
3659,Test Question title,Question content,PENDING
3660,Test Question title,Question content,PENDING
3661,Test Question title,Question content,PENDING
3662,Test Question title,Question content,PENDING
3663,Test Question title,Question content,PENDING
3664,Test Question title,Question content,PENDING
3665,Test Question title,Question content,PENDING
3666,Test Question title,Question content,PENDING
3667,Test Question title,Question content,PENDING
3668,Test Question title,Question content,PENDING
3669,Test Question title,Question content,PENDING
3670,Test Question title,Question content,PENDING
3671,Test Question title,Question content,PENDING
3672,Test Question title,Question content,PENDING
3673,Test Question title,Question content,PENDING
3674,Test Question title,Question content,PENDING
3675,Test Question title,Question content,PENDING
3676,Test Question title,Question content,PENDING
3677,Test Question title,Question content,PENDING
3678,Test Question title,Question content,PENDING
3679,Test Question title,Question content,PENDING
3680,Test Question title,Question content,PENDING
3681,Test Question title,Question content,PENDING
3682,Test Question title,Question content,PENDING
3683,Test Question title,Question content,PENDING
3684,Test Question title,Question content,PENDING
3685,Test Question title,Question content,PENDING
3686,Test Question title,Question content,PENDING
3687,Test Question title,Question content,PENDING
3688,Test Question title,Question content,PENDING
3689,Test Question title,Question content,PENDING
3690,Test Question title,Question content,PENDING
3691,Test Question title,Question content,PENDING
3692,Test Question title,Question content,PENDING
3693,Test Question title,Question content,PENDING
3694,Test Question title,Question content,PENDING
3695,Test Question title,Question content,PENDING
3696,Test Question title,Question content,PENDING
3697,Test Question title,Question content,PENDING
3698,Test Question title,Question content,PENDING
3699,Test Question title,Question content,PENDING
3700,Test Question title,Question content,PENDING
3701,Test Question title,Question content,PENDING
3702,Test Question title,Question content,PENDING
3703,Test Question title,Question content,PENDING
3704,Test Question title,Question content,PENDING
3705,Test Question title,Question content,PENDING
3706,Test Question title,Question content,PENDING
3707,Test Question title,Question content,PENDING
3708,Test Question title,Question content,PENDING
3709,Test Question title,Question content,PENDING
3710,Test Question title,Question content,PENDING
3711,Test Question title,Question content,PENDING
3712,Test Question title,Question content,PENDING
3713,Test Question title,Question content,PENDING
3714,Test Question title,Question content,PENDING
3715,Test Question title,Question content,PENDING
3716,Test Question title,Question content,PENDING
3717,Test Question title,Question content,PENDING
3718,Test Question title,Question content,PENDING
3719,Test Question title,Question content,PENDING
3720,Test Question title,Question content,PENDING
3721,Test Question title,Question content,PENDING
3722,Test Question title,Question content,PENDING
3723,Test Question title,Question content,PENDING
3724,Test Question title,Question content,PENDING
3725,Test Question title,Question content,PENDING
3726,Test Question title,Question content,PENDING
3727,Test Question title,Question content,PENDING
3728,Test Question title,Question content,PENDING
3729,Test Question title,Question content,PENDING
3730,Test Question title,Question content,PENDING
3731,Test Question title,Question content,PENDING
3732,Test Question title,Question content,PENDING
3733,Test Question title,Question content,PENDING
3734,Test Question title,Question content,PENDING
3735,Test Question title,Question content,PENDING
3736,Test Question title,Question content,PENDING
3737,Test Question title,Question content,PENDING
3738,Test Question title,Question content,PENDING
3739,Test Question title,Question content,PENDING
3740,Test Question title,Question content,PENDING
3741,Test Question title,Question content,PENDING
3742,Test Question title,Question content,PENDING
3743,Test Question title,Question content,PENDING
3744,Test Question title,Question content,PENDING
3745,Test Question title,Question content,PENDING
3746,Test Question title,Question content,PENDING
3747,Test Question title,Question content,PENDING
3748,Test Question title,Question content,PENDING
3749,Test Question title,Question content,PENDING
3750,Test Question title,Question content,PENDING
3751,Test Question title,Question content,PENDING
3752,Test Question title,Question content,PENDING
3753,Test Question title,Question content,PENDING
3754,Test Question title,Question content,PENDING
3755,Test Question title,Question content,PENDING
3756,Test Question title,Question content,PENDING
3757,Test Question title,Question content,PENDING
3758,Test Question title,Question content,PENDING
3759,Test Question title,Question content,PENDING
3760,Test Question title,Question content,PENDING
3761,Test Question title,Question content,PENDING
3762,Test Question title,Question content,PENDING
3763,Test Question title,Question content,PENDING
3764,Test Question title,Question content,PENDING
3765,Test Question title,Question content,PENDING
3766,Test Question title,Question content,PENDING
3767,Test Question title,Question content,PENDING
3768,Test Question title,Question content,PENDING
3769,Test Question title,Question content,PENDING
3770,Test Question title,Question content,PENDING
3771,Test Question title,Question content,PENDING
3772,Test Question title,Question content,PENDING
3773,Test Question title,Question content,PENDING
3774,Test Question title,Question content,PENDING
3775,Test Question title,Question content,PENDING
3776,Test Question title,Question content,PENDING
3777,Test Question title,Question content,PENDING
3778,Test Question title,Question content,PENDING
3779,Test Question title,Question content,PENDING
3780,Test Question title,Question content,PENDING
3781,Test Question title,Question content,PENDING
3782,Test Question title,Question content,PENDING
3783,Test Question title,Question content,PENDING
3784,Test Question title,Question content,PENDING
3785,Test Question title,Question content,PENDING
3786,Test Question title,Question content,PENDING
3787,Test Question title,Question content,PENDING
3788,Test Question title,Question content,PENDING
3789,Test Question title,Question content,PENDING
3790,Test Question title,Question content,PENDING
3791,Test Question title,Question content,PENDING
3792,Test Question title,Question content,PENDING
3793,Test Question title,Question content,PENDING
3794,Test Question title,Question content,PENDING
3795,Test Question title,Question content,PENDING
3796,Test Question title,Question content,PENDING
3797,Test Question title,Question content,PENDING
3798,Test Question title,Question content,PENDING
3799,Test Question title,Question content,PENDING
3800,Test Question title,Question content,PENDING
3801,Test Question title,Question content,PENDING
3802,Test Question title,Question content,PENDING
3803,Test Question title,Question content,PENDING
3804,Test Question title,Question content,PENDING
3805,Test Question title,Question content,PENDING
3806,Test Question title,Question content,PENDING
3807,Test Question title,Question content,PENDING
3808,Test Question title,Question content,PENDING
3809,Test Question title,Question content,PENDING
3810,Test Question title,Question content,PENDING
3811,Test Question title,Question content,PENDING
3812,Test Question title,Question content,PENDING
3813,Test Question title,Question content,PENDING
3814,Test Question title,Question content,PENDING
3815,Test Question title,Question content,PENDING
3816,Test Question title,Question content,PENDING
3817,Test Question title,Question content,PENDING
3818,Test Question title,Question content,PENDING
3819,Test Question title,Question content,PENDING
3820,Test Question title,Question content,PENDING
3821,Test Question title,Question content,PENDING
3822,Test Question title,Question content,PENDING
3823,Test Question title,Question content,PENDING
3824,Test Question title,Question content,PENDING
3825,Test Question title,Question content,PENDING
3826,Test Question title,Question content,PENDING
3827,Test Question title,Question content,PENDING
3828,Test Question title,Question content,PENDING
3829,Test Question title,Question content,PENDING
3830,Test Question title,Question content,PENDING
3831,Test Question title,Question content,PENDING
3832,Test Question title,Question content,PENDING
3833,Test Question title,Question content,PENDING
3834,Test Question title,Question content,PENDING
3835,Test Question title,Question content,PENDING
3836,Test Question title,Question content,PENDING
3837,Test Question title,Question content,PENDING
3838,Test Question title,Question content,PENDING
3839,Test Question title,Question content,PENDING
3840,Test Question title,Question content,PENDING
3841,Test Question title,Question content,PENDING
3842,Test Question title,Question content,PENDING
3843,Test Question title,Question content,PENDING
3844,Test Question title,Question content,PENDING
3845,Test Question title,Question content,PENDING
3846,Test Question title,Question content,PENDING
3847,Test Question title,Question content,PENDING
3848,Test Question title,Question content,PENDING
3849,Test Question title,Question content,PENDING
3850,Test Question title,Question content,PENDING
3851,Test Question title,Question content,PENDING
3852,Test Question title,Question content,PENDING
3853,Test Question title,Question content,PENDING
3854,Test Question title,Question content,PENDING
3855,Test Question title,Question content,PENDING
3856,Test Question title,Question content,PENDING
3857,Test Question title,Question content,PENDING
3858,Test Question title,Question content,PENDING
3859,Test Question title,Question content,PENDING
3860,Test Question title,Question content,PENDING
3861,Test Question title,Question content,PENDING
3862,Test Question title,Question content,PENDING
3863,Test Question title,Question content,PENDING
3864,Test Question title,Question content,PENDING
3865,Test Question title,Question content,PENDING
3866,Test Question title,Question content,PENDING
3867,Test Question title,Question content,PENDING
3868,Test Question title,Question content,PENDING
3869,Test Question title,Question content,PENDING
3870,Test Question title,Question content,PENDING
3871,Test Question title,Question content,PENDING
3872,Test Question title,Question content,PENDING
3873,Test Question title,Question content,PENDING
3874,Test Question title,Question content,PENDING
3875,Test Question title,Question content,PENDING
3876,Test Question title,Question content,PENDING
3877,Test Question title,Question content,PENDING
3878,Test Question title,Question content,PENDING
3879,Test Question title,Question content,PENDING
3880,Test Question title,Question content,PENDING
3881,Test Question title,Question content,PENDING
3882,Test Question title,Question content,PENDING
3883,Test Question title,Question content,PENDING
3884,Test Question title,Question content,PENDING
3885,Test Question title,Question content,PENDING
3886,Test Question title,Question content,PENDING
3887,Test Question title,Question content,PENDING
3888,Test Question title,Question content,PENDING
3889,Test Question title,Question content,PENDING
3890,Test Question title,Question content,PENDING
3891,Test Question title,Question content,PENDING
3892,Test Question title,Question content,PENDING
3893,Test Question title,Question content,PENDING
3894,Test Question title,Question content,PENDING
3895,Test Question title,Question content,PENDING
3896,Test Question title,Question content,PENDING
3897,Test Question title,Question content,PENDING
3898,Test Question title,Question content,PENDING
3899,Test Question title,Question content,PENDING
3900,Test Question title,Question content,PENDING
3901,Test Question title,Question content,PENDING
3902,Test Question title,Question content,PENDING
3903,Test Question title,Question content,PENDING
3904,Test Question title,Question content,PENDING
3905,Test Question title,Question content,PENDING
3906,Test Question title,Question content,PENDING
3907,Test Question title,Question content,PENDING
3908,Test Question title,Question content,PENDING
3909,Test Question title,Question content,PENDING
3910,Test Question title,Question content,PENDING
3911,Test Question title,Question content,PENDING
3912,Test Question title,Question content,PENDING
3913,Test Question title,Question content,PENDING
3914,Test Question title,Question content,PENDING
3915,Test Question title,Question content,PENDING
3916,Test Question title,Question content,PENDING
3917,Test Question title,Question content,PENDING
3918,Test Question title,Question content,PENDING
3919,Test Question title,Question content,PENDING
3920,Test Question title,Question content,PENDING
3921,Test Question title,Question content,PENDING
3922,Test Question title,Question content,PENDING
3923,Test Question title,Question content,PENDING
3924,Test Question title,Question content,PENDING
3925,Test Question title,Question content,PENDING
3926,Test Question title,Question content,PENDING
3927,Test Question title,Question content,PENDING
3928,Test Question title,Question content,PENDING
3929,Test Question title,Question content,PENDING
3930,Test Question title,Question content,PENDING
3931,Test Question title,Question content,PENDING
3932,Test Question title,Question content,PENDING
3933,Test Question title,Question content,PENDING
3934,Test Question title,Question content,PENDING
3935,Test Question title,Question content,PENDING
3936,Test Question title,Question content,PENDING
3937,Test Question title,Question content,PENDING
3938,Test Question title,Question content,PENDING
3939,Test Question title,Question content,PENDING
3940,Test Question title,Question content,PENDING
3941,Test Question title,Question content,PENDING
3942,Test Question title,Question content,PENDING
3943,Test Question title,Question content,PENDING
3944,Test Question title,Question content,PENDING
3945,Test Question title,Question content,PENDING
3946,Test Question title,Question content,PENDING
3947,Test Question title,Question content,PENDING
3948,Test Question title,Question content,PENDING
3949,Test Question title,Question content,PENDING
3950,Test Question title,Question content,PENDING
3951,Test Question title,Question content,PENDING
3952,Test Question title,Question content,PENDING
3953,Test Question title,Question content,PENDING
3954,Test Question title,Question content,PENDING
3955,Test Question title,Question content,PENDING
3956,Test Question title,Question content,PENDING
3957,Test Question title,Question content,PENDING
3958,Test Question title,Question content,PENDING
3959,Test Question title,Question content,PENDING
3960,Test Question title,Question content,PENDING
3961,Test Question title,Question content,PENDING
3962,Test Question title,Question content,PENDING
3963,Test Question title,Question content,PENDING
3964,Test Question title,Question content,PENDING
3965,Test Question title,Question content,PENDING
3966,Test Question title,Question content,PENDING
3967,Test Question title,Question content,PENDING
3968,Test Question title,Question content,PENDING
3969,Test Question title,Question content,PENDING
3970,Test Question title,Question content,PENDING
3971,Test Question title,Question content,PENDING
3972,Test Question title,Question content,PENDING
3973,Test Question title,Question content,PENDING
3974,Test Question title,Question content,PENDING
3975,Test Question title,Question content,PENDING
3976,Test Question title,Question content,PENDING
3977,Test Question title,Question content,PENDING
3978,Test Question title,Question content,PENDING
3979,Test Question title,Question content,PENDING
3980,Test Question title,Question content,PENDING
3981,Test Question title,Question content,PENDING
3982,Test Question title,Question content,PENDING
3983,Test Question title,Question content,PENDING
3984,Test Question title,Question content,PENDING
3985,Test Question title,Question content,PENDING
3986,Test Question title,Question content,PENDING
3987,Test Question title,Question content,PENDING
3988,Test Question title,Question content,PENDING
3989,Test Question title,Question content,PENDING
3990,Test Question title,Question content,PENDING
3991,Test Question title,Question content,PENDING
3992,Test Question title,Question content,PENDING
3993,Test Question title,Question content,PENDING
3994,Test Question title,Question content,PENDING
3995,Test Question title,Question content,PENDING
3996,Test Question title,Question content,PENDING
3997,Test Question title,Question content,PENDING
3998,Test Question title,Question content,PENDING
3999,Test Question title,Question content,PENDING
4000,Test Question title,Question content,PENDING