3000,Test Question title,Question content,REJECTED,14000,15000,16000,17000
3001,Test Question title,Question content,REJECTED,14001,15001,16001,17001
3002,Test Question title,Question content,REJECTED,14002,15002,16002,17002
3003,Test Question title,Question content,REJECTED,14003,15003,16003,17003
3004,Test Question title,Question content,REJECTED,14004,15004,16004,17004
3005,Test Question title,Question content,REJECTED,14005,15005,16005,17005
3006,Test Question title,Question content,REJECTED,14006,15006,16006,17006
3007,Test Question title,Question content,REJECTED,14007,15007,16007,17007
3008,Test Question title,Question content,REJECTED,14008,15008,16008,17008
3009,Test Question title,Question content,REJECTED,14009,15009,16009,17009
3010,Test Question title,Question content,REJECTED,14010,15010,16010,17010
3011,Test Question title,Question content,REJECTED,14011,15011,16011,17011
3012,Test Question title,Question content,REJECTED,14012,15012,16012,17012
3013,Test Question title,Question content,REJECTED,14013,15013,16013,17013
3014,Test Question title,Question content,REJECTED,14014,15014,16014,17014
3015,Test Question title,Question content,REJECTED,14015,15015,16015,17015
3016,Test Question title,Question content,REJECTED,14016,15016,16016,17016
3017,Test Question title,Question content,REJECTED,14017,15017,16017,17017
3018,Test Question title,Question content,REJECTED,14018,15018,16018,17018
3019,Test Question title,Question content,REJECTED,14019,15019,16019,17019
3020,Test Question title,Question content,REJECTED,14020,15020,16020,17020
3021,Test Question title,Question content,REJECTED,14021,15021,16021,17021
3022,Test Question title,Question content,REJECTED,14022,15022,16022,17022
3023,Test Question title,Question content,REJECTED,14023,15023,16023,17023
3024,Test Question title,Question content,REJECTED,14024,15024,16024,17024
3025,Test Question title,Question content,REJECTED,14025,15025,16025,17025
3026,Test Question title,Question content,REJECTED,14026,15026,16026,17026
3027,Test Question title,Question content,REJECTED,14027,15027,16027,17027
3028,Test Question title,Question content,REJECTED,14028,15028,16028,17028
3029,Test Question title,Question content,REJECTED,14029,15029,16029,17029
3030,Test Question title,Question content,REJECTED,14030,15030,16030,17030
3031,Test Question title,Question content,REJECTED,14031,15031,16031,17031
3032,Test Question title,Question content,REJECTED,14032,15032,16032,17032
3033,Test Question title,Question content,REJECTED,14033,15033,16033,17033
3034,Test Question title,Question content,REJECTED,14034,15034,16034,17034
3035,Test Question title,Question content,REJECTED,14035,15035,16035,17035
3036,Test Question title,Question content,REJECTED,14036,15036,16036,17036
3037,Test Question title,Question content,REJECTED,14037,15037,16037,17037
3038,Test Question title,Question content,REJECTED,14038,15038,16038,17038
3039,Test Question title,Question content,REJECTED,14039,15039,16039,17039
3040,Test Question title,Question content,REJECTED,14040,15040,16040,17040
3041,Test Question title,Question content,REJECTED,14041,15041,16041,17041
3042,Test Question title,Question content,REJECTED,14042,15042,16042,17042
3043,Test Question title,Question content,REJECTED,14043,15043,16043,17043
3044,Test Question title,Question content,REJECTED,14044,15044,16044,17044
3045,Test Question title,Question content,REJECTED,14045,15045,16045,17045
3046,Test Question title,Question content,REJECTED,14046,15046,16046,17046
3047,Test Question title,Question content,REJECTED,14047,15047,16047,17047
3048,Test Question title,Question content,REJECTED,14048,15048,16048,17048
3049,Test Question title,Question content,REJECTED,14049,15049,16049,17049
3050,Test Question title,Question content,REJECTED,14050,15050,16050,17050
3051,Test Question title,Question content,REJECTED,14051,15051,16051,17051
3052,Test Question title,Question content,REJECTED,14052,15052,16052,17052
3053,Test Question title,Question content,REJECTED,14053,15053,16053,17053
3054,Test Question title,Question content,REJECTED,14054,15054,16054,17054
3055,Test Question title,Question content,REJECTED,14055,15055,16055,17055
3056,Test Question title,Question content,REJECTED,14056,15056,16056,17056
3057,Test Question title,Question content,REJECTED,14057,15057,16057,17057
3058,Test Question title,Question content,REJECTED,14058,15058,16058,17058
3059,Test Question title,Question content,REJECTED,14059,15059,16059,17059
3060,Test Question title,Question content,REJECTED,14060,15060,16060,17060
3061,Test Question title,Question content,REJECTED,14061,15061,16061,17061
3062,Test Question title,Question content,REJECTED,14062,15062,16062,17062
3063,Test Question title,Question content,REJECTED,14063,15063,16063,17063
3064,Test Question title,Question content,REJECTED,14064,15064,16064,17064
3065,Test Question title,Question content,REJECTED,14065,15065,16065,17065
3066,Test Question title,Question content,REJECTED,14066,15066,16066,17066
3067,Test Question title,Question content,REJECTED,14067,15067,16067,17067
3068,Test Question title,Question content,REJECTED,14068,15068,16068,17068
3069,Test Question title,Question content,REJECTED,14069,15069,16069,17069
3070,Test Question title,Question content,REJECTED,14070,15070,16070,17070
3071,Test Question title,Question content,REJECTED,14071,15071,16071,17071
3072,Test Question title,Question content,REJECTED,14072,15072,16072,17072
3073,Test Question title,Question content,REJECTED,14073,15073,16073,17073
3074,Test Question title,Question content,REJECTED,14074,15074,16074,17074
3075,Test Question title,Question content,REJECTED,14075,15075,16075,17075
3076,Test Question title,Question content,REJECTED,14076,15076,16076,17076
3077,Test Question title,Question content,REJECTED,14077,15077,16077,17077
3078,Test Question title,Question content,REJECTED,14078,15078,16078,17078
3079,Test Question title,Question content,REJECTED,14079,15079,16079,17079
3080,Test Question title,Question content,REJECTED,14080,15080,16080,17080
3081,Test Question title,Question content,REJECTED,14081,15081,16081,17081
3082,Test Question title,Question content,REJECTED,14082,15082,16082,17082
3083,Test Question title,Question content,REJECTED,14083,15083,16083,17083
3084,Test Question title,Question content,REJECTED,14084,15084,16084,17084
3085,Test Question title,Question content,REJECTED,14085,15085,16085,17085
3086,Test Question title,Question content,REJECTED,14086,15086,16086,17086
3087,Test Question title,Question content,REJECTED,14087,15087,16087,17087
3088,Test Question title,Question content,REJECTED,14088,15088,16088,17088
3089,Test Question title,Question content,REJECTED,14089,15089,16089,17089
3090,Test Question title,Question content,REJECTED,14090,15090,16090,17090
3091,Test Question title,Question content,REJECTED,14091,15091,16091,17091
3092,Test Question title,Question content,REJECTED,14092,15092,16092,17092
3093,Test Question title,Question content,REJECTED,14093,15093,16093,17093
3094,Test Question title,Question content,REJECTED,14094,15094,16094,17094
3095,Test Question title,Question content,REJECTED,14095,15095,16095,17095
3096,Test Question title,Question content,REJECTED,14096,15096,16096,17096
3097,Test Question title,Question content,REJECTED,14097,15097,16097,17097
3098,Test Question title,Question content,REJECTED,14098,15098,16098,17098
3099,Test Question title,Question content,REJECTED,14099,15099,16099,17099
3100,Test Question title,Question content,REJECTED,14100,15100,16100,17100
3101,Test Question title,Question content,REJECTED,14101,15101,16101,17101
3102,Test Question title,Question content,REJECTED,14102,15102,16102,17102
3103,Test Question title,Question content,REJECTED,14103,15103,16103,17103
3104,Test Question title,Question content,REJECTED,14104,15104,16104,17104
3105,Test Question title,Question content,REJECTED,14105,15105,16105,17105
3106,Test Question title,Question content,REJECTED,14106,15106,16106,17106
3107,Test Question title,Question content,REJECTED,14107,15107,16107,17107
3108,Test Question title,Question content,REJECTED,14108,15108,16108,17108
3109,Test Question title,Question content,REJECTED,14109,15109,16109,17109
3110,Test Question title,Question content,REJECTED,14110,15110,16110,17110
3111,Test Question title,Question content,REJECTED,14111,15111,16111,17111
3112,Test Question title,Question content,REJECTED,14112,15112,16112,17112
3113,Test Question title,Question content,REJECTED,14113,15113,16113,17113
3114,Test Question title,Question content,REJECTED,14114,15114,16114,17114
3115,Test Question title,Question content,REJECTED,14115,15115,16115,17115
3116,Test Question title,Question content,REJECTED,14116,15116,16116,17116
3117,Test Question title,Question content,REJECTED,14117,15117,16117,17117
3118,Test Question title,Question content,REJECTED,14118,15118,16118,17118
3119,Test Question title,Question content,REJECTED,14119,15119,16119,17119
3120,Test Question title,Question content,REJECTED,14120,15120,16120,17120
3121,Test Question title,Question content,REJECTED,14121,15121,16121,17121
3122,Test Question title,Question content,REJECTED,14122,15122,16122,17122
3123,Test Question title,Question content,REJECTED,14123,15123,16123,17123
3124,Test Question title,Question content,REJECTED,14124,15124,16124,17124
3125,Test Question title,Question content,REJECTED,14125,15125,16125,17125
3126,Test Question title,Question content,REJECTED,14126,15126,16126,17126
3127,Test Question title,Question content,REJECTED,14127,15127,16127,17127
3128,Test Question title,Question content,REJECTED,14128,15128,16128,17128
3129,Test Question title,Question content,REJECTED,14129,15129,16129,17129
3130,Test Question title,Question content,REJECTED,14130,15130,16130,17130
3131,Test Question title,Question content,REJECTED,14131,15131,16131,17131
3132,Test Question title,Question content,REJECTED,14132,15132,16132,17132
3133,Test Question title,Question content,REJECTED,14133,15133,16133,17133
3134,Test Question title,Question content,REJECTED,14134,15134,16134,17134
3135,Test Question title,Question content,REJECTED,14135,15135,16135,17135
3136,Test Question title,Question content,REJECTED,14136,15136,16136,17136
3137,Test Question title,Question content,REJECTED,14137,15137,16137,17137
3138,Test Question title,Question content,REJECTED,14138,15138,16138,17138
3139,Test Question title,Question content,REJECTED,14139,15139,16139,17139
3140,Test Question title,Question content,REJECTED,14140,15140,16140,17140
3141,Test Question title,Question content,REJECTED,14141,15141,16141,17141
3142,Test Question title,Question content,REJECTED,14142,15142,16142,17142
3143,Test Question title,Question content,REJECTED,14143,15143,16143,17143
3144,Test Question title,Question content,REJECTED,14144,15144,16144,17144
3145,Test Question title,Question content,REJECTED,14145,15145,16145,17145
3146,Test Question title,Question content,REJECTED,14146,15146,16146,17146
3147,Test Question title,Question content,REJECTED,14147,15147,16147,17147
3148,Test Question title,Question content,REJECTED,14148,15148,16148,17148
3149,Test Question title,Question content,REJECTED,14149,15149,16149,17149
3150,Test Question title,Question content,REJECTED,14150,15150,16150,17150
3151,Test Question title,Question content,REJECTED,14151,15151,16151,17151
3152,Test Question title,Question content,REJECTED,14152,15152,16152,17152
3153,Test Question title,Question content,REJECTED,14153,15153,16153,17153
3154,Test Question title,Question content,REJECTED,14154,15154,16154,17154
3155,Test Question title,Question content,REJECTED,14155,15155,16155,17155
3156,Test Question title,Question content,REJECTED,14156,15156,16156,17156
3157,Test Question title,Question content,REJECTED,14157,15157,16157,17157
3158,Test Question title,Question content,REJECTED,14158,15158,16158,17158
3159,Test Question title,Question content,REJECTED,14159,15159,16159,17159
3160,Test Question title,Question content,REJECTED,14160,15160,16160,17160
3161,Test Question title,Question content,REJECTED,14161,15161,16161,17161
3162,Test Question title,Question content,REJECTED,14162,15162,16162,17162
3163,Test Question title,Question content,REJECTED,14163,15163,16163,17163
3164,Test Question title,Question content,REJECTED,14164,15164,16164,17164
3165,Test Question title,Question content,REJECTED,14165,15165,16165,17165
3166,Test Question title,Question content,REJECTED,14166,15166,16166,17166
3167,Test Question title,Question content,REJECTED,14167,15167,16167,17167
3168,Test Question title,Question content,REJECTED,14168,15168,16168,17168
3169,Test Question title,Question content,REJECTED,14169,15169,16169,17169
3170,Test Question title,Question content,REJECTED,14170,15170,16170,17170
3171,Test Question title,Question content,REJECTED,14171,15171,16171,17171
3172,Test Question title,Question content,REJECTED,14172,15172,16172,17172
3173,Test Question title,Question content,REJECTED,14173,15173,16173,17173
3174,Test Question title,Question content,REJECTED,14174,15174,16174,17174
3175,Test Question title,Question content,REJECTED,14175,15175,16175,17175
3176,Test Question title,Question content,REJECTED,14176,15176,16176,17176
3177,Test Question title,Question content,REJECTED,14177,15177,16177,17177
3178,Test Question title,Question content,REJECTED,14178,15178,16178,17178
3179,Test Question title,Question content,REJECTED,14179,15179,16179,17179
3180,Test Question title,Question content,REJECTED,14180,15180,16180,17180
3181,Test Question title,Question content,REJECTED,14181,15181,16181,17181
3182,Test Question title,Question content,REJECTED,14182,15182,16182,17182
3183,Test Question title,Question content,REJECTED,14183,15183,16183,17183
3184,Test Question title,Question content,REJECTED,14184,15184,16184,17184
3185,Test Question title,Question content,REJECTED,14185,15185,16185,17185
3186,Test Question title,Question content,REJECTED,14186,15186,16186,17186
3187,Test Question title,Question content,REJECTED,14187,15187,16187,17187
3188,Test Question title,Question content,REJECTED,14188,15188,16188,17188
3189,Test Question title,Question content,REJECTED,14189,15189,16189,17189
3190,Test Question title,Question content,REJECTED,14190,15190,16190,17190
3191,Test Question title,Question content,REJECTED,14191,15191,16191,17191
3192,Test Question title,Question content,REJECTED,14192,15192,16192,17192
3193,Test Question title,Question content,REJECTED,14193,15193,16193,17193
3194,Test Question title,Question content,REJECTED,14194,15194,16194,17194
3195,Test Question title,Question content,REJECTED,14195,15195,16195,17195
3196,Test Question title,Question content,REJECTED,14196,15196,16196,17196
3197,Test Question title,Question content,REJECTED,14197,15197,16197,17197
3198,Test Question title,Question content,REJECTED,14198,15198,16198,17198
3199,Test Question title,Question content,REJECTED,14199,15199,16199,17199
3200,Test Question title,Question content,REJECTED,14200,15200,16200,17200
3201,Test Question title,Question content,REJECTED,14201,15201,16201,17201
3202,Test Question title,Question content,REJECTED,14202,15202,16202,17202
3203,Test Question title,Question content,REJECTED,14203,15203,16203,17203
3204,Test Question title,Question content,REJECTED,14204,15204,16204,17204
3205,Test Question title,Question content,REJECTED,14205,15205,16205,17205
3206,Test Question title,Question content,REJECTED,14206,15206,16206,17206
3207,Test Question title,Question content,REJECTED,14207,15207,16207,17207
3208,Test Question title,Question content,REJECTED,14208,15208,16208,17208
3209,Test Question title,Question content,REJECTED,14209,15209,16209,17209
3210,Test Question title,Question content,REJECTED,14210,15210,16210,17210
3211,Test Question title,Question content,REJECTED,14211,15211,16211,17211
3212,Test Question title,Question content,REJECTED,14212,15212,16212,17212
3213,Test Question title,Question content,REJECTED,14213,15213,16213,17213
3214,Test Question title,Question content,REJECTED,14214,15214,16214,17214
3215,Test Question title,Question content,REJECTED,14215,15215,16215,17215
3216,Test Question title,Question content,REJECTED,14216,15216,16216,17216
3217,Test Question title,Question content,REJECTED,14217,15217,16217,17217
3218,Test Question title,Question content,REJECTED,14218,15218,16218,17218
3219,Test Question title,Question content,REJECTED,14219,15219,16219,17219
3220,Test Question title,Question content,REJECTED,14220,15220,16220,17220
3221,Test Question title,Question content,REJECTED,14221,15221,16221,17221
3222,Test Question title,Question content,REJECTED,14222,15222,16222,17222
3223,Test Question title,Question content,REJECTED,14223,15223,16223,17223
3224,Test Question title,Question content,REJECTED,14224,15224,16224,17224
3225,Test Question title,Question content,REJECTED,14225,15225,16225,17225
3226,Test Question title,Question content,REJECTED,14226,15226,16226,17226
3227,Test Question title,Question content,REJECTED,14227,15227,16227,17227
3228,Test Question title,Question content,REJECTED,14228,15228,16228,17228
3229,Test Question title,Question content,REJECTED,14229,15229,16229,17229
3230,Test Question title,Question content,REJECTED,14230,15230,16230,17230
3231,Test Question title,Question content,REJECTED,14231,15231,16231,17231
3232,Test Question title,Question content,REJECTED,14232,15232,16232,17232
3233,Test Question title,Question content,REJECTED,14233,15233,16233,17233
3234,Test Question title,Question content,REJECTED,14234,15234,16234,17234
3235,Test Question title,Question content,REJECTED,14235,15235,16235,17235
3236,Test Question title,Question content,REJECTED,14236,15236,16236,17236
3237,Test Question title,Question content,REJECTED,14237,15237,16237,17237
3238,Test Question title,Question content,REJECTED,14238,15238,16238,17238
3239,Test Question title,Question content,REJECTED,14239,15239,16239,17239
3240,Test Question title,Question content,REJECTED,14240,15240,16240,17240
3241,Test Question title,Question content,REJECTED,14241,15241,16241,17241
3242,Test Question title,Question content,REJECTED,14242,15242,16242,17242
3243,Test Question title,Question content,REJECTED,14243,15243,16243,17243
3244,Test Question title,Question content,REJECTED,14244,15244,16244,17244
3245,Test Question title,Question content,REJECTED,14245,15245,16245,17245
3246,Test Question title,Question content,REJECTED,14246,15246,16246,17246
3247,Test Question title,Question content,REJECTED,14247,15247,16247,17247
3248,Test Question title,Question content,REJECTED,14248,15248,16248,17248
3249,Test Question title,Question content,REJECTED,14249,15249,16249,17249
3250,Test Question title,Question content,REJECTED,14250,15250,16250,17250
3251,Test Question title,Question content,REJECTED,14251,15251,16251,17251
3252,Test Question title,Question content,REJECTED,14252,15252,16252,17252
3253,Test Question title,Question content,REJECTED,14253,15253,16253,17253
3254,Test Question title,Question content,REJECTED,14254,15254,16254,17254
3255,Test Question title,Question content,REJECTED,14255,15255,16255,17255
3256,Test Question title,Question content,REJECTED,14256,15256,16256,17256
3257,Test Question title,Question content,REJECTED,14257,15257,16257,17257
3258,Test Question title,Question content,REJECTED,14258,15258,16258,17258
3259,Test Question title,Question content,REJECTED,14259,15259,16259,17259
3260,Test Question title,Question content,REJECTED,14260,15260,16260,17260
3261,Test Question title,Question content,REJECTED,14261,15261,16261,17261
3262,Test Question title,Question content,REJECTED,14262,15262,16262,17262
3263,Test Question title,Question content,REJECTED,14263,15263,16263,17263
3264,Test Question title,Question content,REJECTED,14264,15264,16264,17264
3265,Test Question title,Question content,REJECTED,14265,15265,16265,17265
3266,Test Question title,Question content,REJECTED,14266,15266,16266,17266
3267,Test Question title,Question content,REJECTED,14267,15267,16267,17267
3268,Test Question title,Question content,REJECTED,14268,15268,16268,17268
3269,Test Question title,Question content,REJECTED,14269,15269,16269,17269
3270,Test Question title,Question content,REJECTED,14270,15270,16270,17270
3271,Test Question title,Question content,REJECTED,14271,15271,16271,17271
3272,Test Question title,Question content,REJECTED,14272,15272,16272,17272
3273,Test Question title,Question content,REJECTED,14273,15273,16273,17273
3274,Test Question title,Question content,REJECTED,14274,15274,16274,17274
3275,Test Question title,Question content,REJECTED,14275,15275,16275,17275
3276,Test Question title,Question content,REJECTED,14276,15276,16276,17276
3277,Test Question title,Question content,REJECTED,14277,15277,16277,17277
3278,Test Question title,Question content,REJECTED,14278,15278,16278,17278
3279,Test Question title,Question content,REJECTED,14279,15279,16279,17279
3280,Test Question title,Question content,REJECTED,14280,15280,16280,17280
3281,Test Question title,Question content,REJECTED,14281,15281,16281,17281
3282,Test Question title,Question content,REJECTED,14282,15282,16282,17282
3283,Test Question title,Question content,REJECTED,14283,15283,16283,17283
3284,Test Question title,Question content,REJECTED,14284,15284,16284,17284
3285,Test Question title,Question content,REJECTED,14285,15285,16285,17285
3286,Test Question title,Question content,REJECTED,14286,15286,16286,17286
3287,Test Question title,Question content,REJECTED,14287,15287,16287,17287
3288,Test Question title,Question content,REJECTED,14288,15288,16288,17288
3289,Test Question title,Question content,REJECTED,14289,15289,16289,17289
3290,Test Question title,Question content,REJECTED,14290,15290,16290,17290
3291,Test Question title,Question content,REJECTED,14291,15291,16291,17291
3292,Test Question title,Question content,REJECTED,14292,15292,16292,17292
3293,Test Question title,Question content,REJECTED,14293,15293,16293,17293
3294,Test Question title,Question content,REJECTED,14294,15294,16294,17294
3295,Test Question title,Question content,REJECTED,14295,15295,16295,17295
3296,Test Question title,Question content,REJECTED,14296,15296,16296,17296
3297,Test Question title,Question content,REJECTED,14297,15297,16297,17297
3298,Test Question title,Question content,REJECTED,14298,15298,16298,17298
3299,Test Question title,Question content,REJECTED,14299,15299,16299,17299
3300,Test Question title,Question content,REJECTED,14300,15300,16300,17300
3301,Test Question title,Question content,REJECTED,14301,15301,16301,17301
3302,Test Question title,Question content,REJECTED,14302,15302,16302,17302
3303,Test Question title,Question content,REJECTED,14303,15303,16303,17303
3304,Test Question title,Question content,REJECTED,14304,15304,16304,17304
3305,Test Question title,Question content,REJECTED,14305,15305,16305,17305
3306,Test Question title,Question content,REJECTED,14306,15306,16306,17306
3307,Test Question title,Question content,REJECTED,14307,15307,16307,17307
3308,Test Question title,Question content,REJECTED,14308,15308,16308,17308
3309,Test Question title,Question content,REJECTED,14309,15309,16309,17309
3310,Test Question title,Question content,REJECTED,14310,15310,16310,17310
3311,Test Question title,Question content,REJECTED,14311,15311,16311,17311
3312,Test Question title,Question content,REJECTED,14312,15312,16312,17312
3313,Test Question title,Question content,REJECTED,14313,15313,16313,17313
3314,Test Question title,Question content,REJECTED,14314,15314,16314,17314
3315,Test Question title,Question content,REJECTED,14315,15315,16315,17315
3316,Test Question title,Question content,REJECTED,14316,15316,16316,17316
3317,Test Question title,Question content,REJECTED,14317,15317,16317,17317
3318,Test Question title,Question content,REJECTED,14318,15318,16318,17318
3319,Test Question title,Question content,REJECTED,14319,15319,16319,17319
3320,Test Question title,Question content,REJECTED,14320,15320,16320,17320
3321,Test Question title,Question content,REJECTED,14321,15321,16321,17321
3322,Test Question title,Question content,REJECTED,14322,15322,16322,17322
3323,Test Question title,Question content,REJECTED,14323,15323,16323,17323
3324,Test Question title,Question content,REJECTED,14324,15324,16324,17324
3325,Test Question title,Question content,REJECTED,14325,15325,16325,17325
3326,Test Question title,Question content,REJECTED,14326,15326,16326,17326
3327,Test Question title,Question content,REJECTED,14327,15327,16327,17327
3328,Test Question title,Question content,REJECTED,14328,15328,16328,17328
3329,Test Question title,Question content,REJECTED,14329,15329,16329,17329
3330,Test Question title,Question content,REJECTED,14330,15330,16330,17330
3331,Test Question title,Question content,REJECTED,14331,15331,16331,17331
3332,Test Question title,Question content,REJECTED,14332,15332,16332,17332
3333,Test Question title,Question content,REJECTED,14333,15333,16333,17333
3334,Test Question title,Question content,REJECTED,14334,15334,16334,17334
3335,Test Question title,Question content,REJECTED,14335,15335,16335,17335
3336,Test Question title,Question content,REJECTED,14336,15336,16336,17336
3337,Test Question title,Question content,REJECTED,14337,15337,16337,17337
3338,Test Question title,Question content,REJECTED,14338,15338,16338,17338
3339,Test Question title,Question content,REJECTED,14339,15339,16339,17339
3340,Test Question title,Question content,REJECTED,14340,15340,16340,17340
3341,Test Question title,Question content,REJECTED,14341,15341,16341,17341
3342,Test Question title,Question content,REJECTED,14342,15342,16342,17342
3343,Test Question title,Question content,REJECTED,14343,15343,16343,17343
3344,Test Question title,Question content,REJECTED,14344,15344,16344,17344
3345,Test Question title,Question content,REJECTED,14345,15345,16345,17345
3346,Test Question title,Question content,REJECTED,14346,15346,16346,17346
3347,Test Question title,Question content,REJECTED,14347,15347,16347,17347
3348,Test Question title,Question content,REJECTED,14348,15348,16348,17348
3349,Test Question title,Question content,REJECTED,14349,15349,16349,17349
3350,Test Question title,Question content,REJECTED,14350,15350,16350,17350
3351,Test Question title,Question content,REJECTED,14351,15351,16351,17351
3352,Test Question title,Question content,REJECTED,14352,15352,16352,17352
3353,Test Question title,Question content,REJECTED,14353,15353,16353,17353
3354,Test Question title,Question content,REJECTED,14354,15354,16354,17354
3355,Test Question title,Question content,REJECTED,14355,15355,16355,17355
3356,Test Question title,Question content,REJECTED,14356,15356,16356,17356
3357,Test Question title,Question content,REJECTED,14357,15357,16357,17357
3358,Test Question title,Question content,REJECTED,14358,15358,16358,17358
3359,Test Question title,Question content,REJECTED,14359,15359,16359,17359
3360,Test Question title,Question content,REJECTED,14360,15360,16360,17360
3361,Test Question title,Question content,REJECTED,14361,15361,16361,17361
3362,Test Question title,Question content,REJECTED,14362,15362,16362,17362
3363,Test Question title,Question content,REJECTED,14363,15363,16363,17363
3364,Test Question title,Question content,REJECTED,14364,15364,16364,17364
3365,Test Question title,Question content,REJECTED,14365,15365,16365,17365
3366,Test Question title,Question content,REJECTED,14366,15366,16366,17366
3367,Test Question title,Question content,REJECTED,14367,15367,16367,17367
3368,Test Question title,Question content,REJECTED,14368,15368,16368,17368
3369,Test Question title,Question content,REJECTED,14369,15369,16369,17369
3370,Test Question title,Question content,REJECTED,14370,15370,16370,17370
3371,Test Question title,Question content,REJECTED,14371,15371,16371,17371
3372,Test Question title,Question content,REJECTED,14372,15372,16372,17372
3373,Test Question title,Question content,REJECTED,14373,15373,16373,17373
3374,Test Question title,Question content,REJECTED,14374,15374,16374,17374
3375,Test Question title,Question content,REJECTED,14375,15375,16375,17375
3376,Test Question title,Question content,REJECTED,14376,15376,16376,17376
3377,Test Question title,Question content,REJECTED,14377,15377,16377,17377
3378,Test Question title,Question content,REJECTED,14378,15378,16378,17378
3379,Test Question title,Question content,REJECTED,14379,15379,16379,17379
3380,Test Question title,Question content,REJECTED,14380,15380,16380,17380
3381,Test Question title,Question content,REJECTED,14381,15381,16381,17381
3382,Test Question title,Question content,REJECTED,14382,15382,16382,17382
3383,Test Question title,Question content,REJECTED,14383,15383,16383,17383
3384,Test Question title,Question content,REJECTED,14384,15384,16384,17384
3385,Test Question title,Question content,REJECTED,14385,15385,16385,17385
3386,Test Question title,Question content,REJECTED,14386,15386,16386,17386
3387,Test Question title,Question content,REJECTED,14387,15387,16387,17387
3388,Test Question title,Question content,REJECTED,14388,15388,16388,17388
3389,Test Question title,Question content,REJECTED,14389,15389,16389,17389
3390,Test Question title,Question content,REJECTED,14390,15390,16390,17390
3391,Test Question title,Question content,REJECTED,14391,15391,16391,17391
3392,Test Question title,Question content,REJECTED,14392,15392,16392,17392
3393,Test Question title,Question content,REJECTED,14393,15393,16393,17393
3394,Test Question title,Question content,REJECTED,14394,15394,16394,17394
3395,Test Question title,Question content,REJECTED,14395,15395,16395,17395
3396,Test Question title,Question content,REJECTED,14396,15396,16396,17396
3397,Test Question title,Question content,REJECTED,14397,15397,16397,17397
3398,Test Question title,Question content,REJECTED,14398,15398,16398,17398
3399,Test Question title,Question content,REJECTED,14399,15399,16399,17399
3400,Test Question title,Question content,REJECTED,14400,15400,16400,17400
3401,Test Question title,Question content,REJECTED,14401,15401,16401,17401
3402,Test Question title,Question content,REJECTED,14402,15402,16402,17402
3403,Test Question title,Question content,REJECTED,14403,15403,16403,17403
3404,Test Question title,Question content,REJECTED,14404,15404,16404,17404
3405,Test Question title,Question content,REJECTED,14405,15405,16405,17405
3406,Test Question title,Question content,REJECTED,14406,15406,16406,17406
3407,Test Question title,Question content,REJECTED,14407,15407,16407,17407
3408,Test Question title,Question content,REJECTED,14408,15408,16408,17408
3409,Test Question title,Question content,REJECTED,14409,15409,16409,17409
3410,Test Question title,Question content,REJECTED,14410,15410,16410,17410
3411,Test Question title,Question content,REJECTED,14411,15411,16411,17411
3412,Test Question title,Question content,REJECTED,14412,15412,16412,17412
3413,Test Question title,Question content,REJECTED,14413,15413,16413,17413
3414,Test Question title,Question content,REJECTED,14414,15414,16414,17414
3415,Test Question title,Question content,REJECTED,14415,15415,16415,17415
3416,Test Question title,Question content,REJECTED,14416,15416,16416,17416
3417,Test Question title,Question content,REJECTED,14417,15417,16417,17417
3418,Test Question title,Question content,REJECTED,14418,15418,16418,17418
3419,Test Question title,Question content,REJECTED,14419,15419,16419,17419
3420,Test Question title,Question content,REJECTED,14420,15420,16420,17420
3421,Test Question title,Question content,REJECTED,14421,15421,16421,17421
3422,Test Question title,Question content,REJECTED,14422,15422,16422,17422
3423,Test Question title,Question content,REJECTED,14423,15423,16423,17423
3424,Test Question title,Question content,REJECTED,14424,15424,16424,17424
3425,Test Question title,Question content,REJECTED,14425,15425,16425,17425
3426,Test Question title,Question content,REJECTED,14426,15426,16426,17426
3427,Test Question title,Question content,REJECTED,14427,15427,16427,17427
3428,Test Question title,Question content,REJECTED,14428,15428,16428,17428
3429,Test Question title,Question content,REJECTED,14429,15429,16429,17429
3430,Test Question title,Question content,REJECTED,14430,15430,16430,17430
3431,Test Question title,Question content,REJECTED,14431,15431,16431,17431
3432,Test Question title,Question content,REJECTED,14432,15432,16432,17432
3433,Test Question title,Question content,REJECTED,14433,15433,16433,17433
3434,Test Question title,Question content,REJECTED,14434,15434,16434,17434
3435,Test Question title,Question content,REJECTED,14435,15435,16435,17435
3436,Test Question title,Question content,REJECTED,14436,15436,16436,17436
3437,Test Question title,Question content,REJECTED,14437,15437,16437,17437
3438,Test Question title,Question content,REJECTED,14438,15438,16438,17438
3439,Test Question title,Question content,REJECTED,14439,15439,16439,17439
3440,Test Question title,Question content,REJECTED,14440,15440,16440,17440
3441,Test Question title,Question content,REJECTED,14441,15441,16441,17441
3442,Test Question title,Question content,REJECTED,14442,15442,16442,17442
3443,Test Question title,Question content,REJECTED,14443,15443,16443,17443
3444,Test Question title,Question content,REJECTED,14444,15444,16444,17444
3445,Test Question title,Question content,REJECTED,14445,15445,16445,17445
3446,Test Question title,Question content,REJECTED,14446,15446,16446,17446
3447,Test Question title,Question content,REJECTED,14447,15447,16447,17447
3448,Test Question title,Question content,REJECTED,14448,15448,16448,17448
3449,Test Question title,Question content,REJECTED,14449,15449,16449,17449
3450,Test Question title,Question content,REJECTED,14450,15450,16450,17450
3451,Test Question title,Question content,REJECTED,14451,15451,16451,17451
3452,Test Question title,Question content,REJECTED,14452,15452,16452,17452
3453,Test Question title,Question content,REJECTED,14453,15453,16453,17453
3454,Test Question title,Question content,REJECTED,14454,15454,16454,17454
3455,Test Question title,Question content,REJECTED,14455,15455,16455,17455
3456,Test Question title,Question content,REJECTED,14456,15456,16456,17456
3457,Test Question title,Question content,REJECTED,14457,15457,16457,17457
3458,Test Question title,Question content,REJECTED,14458,15458,16458,17458
3459,Test Question title,Question content,REJECTED,14459,15459,16459,17459
3460,Test Question title,Question content,REJECTED,14460,15460,16460,17460
3461,Test Question title,Question content,REJECTED,14461,15461,16461,17461
3462,Test Question title,Question content,REJECTED,14462,15462,16462,17462
3463,Test Question title,Question content,REJECTED,14463,15463,16463,17463
3464,Test Question title,Question content,REJECTED,14464,15464,16464,17464
3465,Test Question title,Question content,REJECTED,14465,15465,16465,17465
3466,Test Question title,Question content,REJECTED,14466,15466,16466,17466
3467,Test Question title,Question content,REJECTED,14467,15467,16467,17467
3468,Test Question title,Question content,REJECTED,14468,15468,16468,17468
3469,Test Question title,Question content,REJECTED,14469,15469,16469,17469
3470,Test Question title,Question content,REJECTED,14470,15470,16470,17470
3471,Test Question title,Question content,REJECTED,14471,15471,16471,17471
3472,Test Question title,Question content,REJECTED,14472,15472,16472,17472
3473,Test Question title,Question content,REJECTED,14473,15473,16473,17473
3474,Test Question title,Question content,REJECTED,14474,15474,16474,17474
3475,Test Question title,Question content,REJECTED,14475,15475,16475,17475
3476,Test Question title,Question content,REJECTED,14476,15476,16476,17476
3477,Test Question title,Question content,REJECTED,14477,15477,16477,17477
3478,Test Question title,Question content,REJECTED,14478,15478,16478,17478
3479,Test Question title,Question content,REJECTED,14479,15479,16479,17479
3480,Test Question title,Question content,REJECTED,14480,15480,16480,17480
3481,Test Question title,Question content,REJECTED,14481,15481,16481,17481
3482,Test Question title,Question content,REJECTED,14482,15482,16482,17482
3483,Test Question title,Question content,REJECTED,14483,15483,16483,17483
3484,Test Question title,Question content,REJECTED,14484,15484,16484,17484
3485,Test Question title,Question content,REJECTED,14485,15485,16485,17485
3486,Test Question title,Question content,REJECTED,14486,15486,16486,17486
3487,Test Question title,Question content,REJECTED,14487,15487,16487,17487
3488,Test Question title,Question content,REJECTED,14488,15488,16488,17488
3489,Test Question title,Question content,REJECTED,14489,15489,16489,17489
3490,Test Question title,Question content,REJECTED,14490,15490,16490,17490
3491,Test Question title,Question content,REJECTED,14491,15491,16491,17491
3492,Test Question title,Question content,REJECTED,14492,15492,16492,17492
3493,Test Question title,Question content,REJECTED,14493,15493,16493,17493
3494,Test Question title,Question content,REJECTED,14494,15494,16494,17494
3495,Test Question title,Question content,REJECTED,14495,15495,16495,17495
3496,Test Question title,Question content,REJECTED,14496,15496,16496,17496
3497,Test Question title,Question content,REJECTED,14497,15497,16497,17497
3498,Test Question title,Question content,REJECTED,14498,15498,16498,17498
3499,Test Question title,Question content,REJECTED,14499,15499,16499,17499
3500,Test Question title,Question content,REJECTED,4500,5500,6500,7500